Time,ps_1,ps_2,ps_3,ss_1,ss_2,ss_3,ls_1,ls_2,ls_3,ps+ss_1,ps+ss_2,ps+ss_3,ps+ls_1,ps+ls_2,ps+ls_3,ls+ss_1,ls+ss_2,ls+ss_3,ps+ss+ls_1,ps+ss+ls_2,ps+ss+ls_3
0,0.1016,0.099667,0.099133,0.103333,0.097867,0.100967,0.101133,0.098733,0.1068,0.1071,0.101933,0.107233,0.1034,0.1023,0.100967,0.1035,0.104333,0.101667,0.102167,0.105667,0.104067
12,0.501583,0.492233,0.479433,0.787383333,0.793416667,0.833783333,0.194133333,0.329066667,0.1992,0.9082,0.9229,0.915266667,0.653666667,0.652766667,0.645783333,0.847883333,0.846183333,0.804166667,0.905433333,0.910883333,0.897883333
18,0.61245,0.601683333,0.605266667,0.822633333,0.877016667,0.859783333,0.485216667,0.4461,0.506533333,0.937933333,0.882933333,0.849833333,0.658166667,0.681866667,0.67285,0.810833333,0.794533333,0.829333333,0.912083333,0.911466667,0.918433333
24,0.6353,0.621166667,0.628933333,0.860683333,0.907366667,0.8925,0.490833333,0.500033333,0.531966667,0.951466667,0.911566667,0.9244,0.673516667,0.6887,0.66115,0.8675,0.8781,0.887333333,0.9593,0.9649,0.947566667
30,0.659733333,0.640733333,0.676333333,0.91725,0.90705,0.93555,0.4934,0.493833333,0.5018,0.988716667,0.9441,0.93915,0.693983333,0.742366667,0.727266667,0.877666667,0.887866667,0.8667,0.977666667,0.9168,0.92505
